measure	original	reduced
L1	0.8356481481481481	0.8518518518518519
L2	0.8657407407407407	0.8587962962962963
Cosine	0.8657407407407407	0.8935185185185185
